{"direction":2,"info":["Ilan","Masculin","Médecine","CM"],"map":"Supermarché","energy":[93.56499999996927,100.0,0.0],"hunger":[155.9100000000083,100.0,0.0],"bladder":[0.5,100.0,0.0],"hygene":[120.0,120.0,0.0],"food":[0,10,0],"foodFridge":[10,50,0],"xp":[12,105,170],"lvl":19,"intel":110,"social":368,"money":380,"time":"1","timer":66482,"posX":11,"posY":12,"color":2}