{"direction":0,"info":["Ilan","Masculin","Médecine","CM"],"map":"Kot","energy":[89.62999999999981,100.0,0.0],"hunger":[98.10000000000011,100.0,0.0],"bladder":[30.0,100.0,0.0],"hygene":[0.0,100.0,0.0],"food":[2,10,0],"xp":[5,25,40],"lvl":3,"intel":0,"social":0,"money":0,"time":"1","posX":24,"posY":10,"color":2}