{"direction":1,"info":["Ilan","Masculin","Médecine","CM"],"map":"Kot","energy":[98.47999999999922,100.0,0.0],"hunger":[15.199999999999962,100.0,0.0],"bladder":[0.0,100.0,0.0],"hygene":[120.0,120.0,0.0],"food":[5,10,0],"xp":[0,10,15],"lvl":1,"intel":50,"social":30,"money":50,"timer":43352,"posX":23,"posY":7,"color":2}