{"direction":0,"info":["Ilan","Masculin","Médecine","CM"],"map":"Jefke","energy":[96.00799999998094,100.0,0.0],"hunger":[39.92000000000063,100.0,0.0],"bladder":[0.0,100.0,0.0],"hygene":[120.0,120.0,0.0],"food":[4,10,0],"foodFridge":[20,50,0],"xp":[0,10,15],"lvl":1,"intel":50,"social":30,"money":50,"foodBasket":0,"time":"1","timer":47192,"posX":18,"posY":13,"color":2}