{"direction":2,"info":["Ilan","Masculin","Polytech","CP"],"map":"Bibliothèque","energy":[99.75999999999988,100.0,0.0],"hunger":[-2.400000000000001,100.0,0.0],"bladder":[0.0,100.0,0.0],"hygene":[80.0,80.0,0.0],"food":[5,10,0],"xp":[0,10,15],"lvl":1,"intel":70,"social":50,"money":50,"posX":18,"posY":6,"color":2}