{"direction":2,"info":["Ilan","Masculin","Médecine","CM"],"map":"Jefke","energy":[94.88999999999739,100.0,0.0],"hunger":[51.100000000000456,100.0,0.0],"bladder":[0.0,100.0,0.0],"hygene":[120.0,120.0,0.0],"food":[1,10,0],"xp":[0,10,15],"lvl":1,"intel":50,"social":30,"money":50,"timer":43711,"posX":19,"posY":13,"color":2}