{"direction":0,"info":["Ilan","Masculin","Polytechnique","CP"],"map":"Kot","energy":[97.04399999998589,100.0,0.0],"hunger":[7.129999999999892,100.0,0.0],"bladder":[2.0,100.0,0.0],"hygene":[80.0,80.0,0.0],"food":[-9,10,0],"foodFridge":[17,50,0],"xp":[11,40,65],"lvl":4,"intel":70,"social":50,"money":50,"time":"1","timer":46156,"posX":18,"posY":12,"color":2}