{"direction":0,"info":["Ilan","Masculin","Médecine","CM"],"map":"Kot","energy":[98.58999999999928,100.0,0.0],"hunger":[14.099999999999966,100.0,0.0],"bladder":[0.0,100.0,0.0],"hygene":[120.0,120.0,0.0],"food":[5,10,0],"xp":[0,10,15],"lvl":1,"intel":50,"social":30,"money":50,"timer":43341,"posX":26,"posY":10,"color":2}