{"direction":0,"info":["Ilan","Masculin","Médecine","CM"],"map":"appartement","energy":[93.67099999996978,100.0,0.0],"hunger":[154.85000000000926,100.0,0.0],"bladder":[0.5,100.0,0.0],"hygene":[120.0,120.0,0.0],"food":[0,10,0],"foodFridge":[10,50,0],"xp":[12,105,170],"lvl":19,"intel":110,"social":368,"money":380,"time":"1","timer":66376,"posX":25,"posY":12,"color":2}