{"direction":0,"info":["Ilan","Masculin","Médecine","CM"],"map":"Kot","energy":[91.12999999999546,100.0,0.0],"hunger":[42.79999999999959,100.0,0.0],"bladder":[-1.0,100.0,0.0],"hygene":[120.0,120.0,0.0],"food":[0,10,0],"xp":[61,105,170],"lvl":6,"intel":50,"social":30,"money":70,"time":"1","timer":44489,"posX":24,"posY":5,"color":2}