{"direction":3,"info":["Ilan","Masculin","Médecine","CM"],"map":"Kot","energy":[90.67999999999523,100.0,0.0],"hunger":[47.299999999999656,100.0,0.0],"bladder":[-1.0,100.0,0.0],"hygene":[120.0,120.0,0.0],"food":[3,10,0],"xp":[54,65,105],"lvl":5,"intel":50,"social":30,"money":70,"time":"1","timer":44444,"posX":23,"posY":7,"color":2}