{"direction":1,"info":["Ilan","Masculin","Polytechnique","CP"],"map":"Kot","energy":[98.3049999999919,100.0,0.0],"hunger":[3.8299999999999623,100.0,0.0],"bladder":[1.5,100.0,0.0],"hygene":[80.0,80.0,0.0],"food":[0,10,0],"foodFridge":[14,50,0],"xp":[10,40,65],"lvl":4,"intel":70,"social":50,"money":50,"time":"1","timer":44895,"posX":23,"posY":3,"color":2}