{"direction":3,"info":["Ilan","Masculin","Médecine","CM"],"map":"Kot","energy":[93.16099999996734,100.0,0.0],"hunger":[73.23000000000056,100.0,0.0],"bladder":[3.0,100.0,0.0],"hygene":[120.0,120.0,0.0],"food":[5,10,0],"foodFridge":[7,50,0],"xp":[59,65,105],"lvl":18,"intel":104,"social":356,"money":350,"time":"1","timer":57214,"posX":22,"posY":8,"color":2}