{"direction":1,"info":["Ilan","Masculin","Médecine","CM"],"map":"Kot","energy":[98.19299999999137,100.0,0.0],"hunger":[18.070000000000025,100.0,0.0],"bladder":[0.0,100.0,0.0],"hygene":[120.0,120.0,0.0],"food":[4,10,0],"foodFridge":[20,50,0],"xp":[0,10,15],"lvl":1,"intel":50,"social":30,"money":50,"foodBasket":0,"time":"1","timer":45007,"posX":23,"posY":4,"color":2}