{"direction":1,"info":["Ilan","Masculin","Médecine","CM"],"map":"Bibliothèque","energy":[89.75999999999988,100.0,0.0],"hunger":[99.40000000000003,100.0,0.0],"bladder":[30.0,100.0,0.0],"hygene":[0.0,100.0,0.0],"food":[2,10,0],"xp":[5,25,40],"lvl":3,"intel":0,"social":0,"money":0,"time":"1","posX":22,"posY":3,"color":2}