{"direction":2,"info":["Ilan","Masculin","Médecine","CM"],"map":"Kot","energy":[95.08999999999749,100.0,0.0],"hunger":[49.10000000000043,100.0,0.0],"bladder":[0.0,100.0,0.0],"hygene":[120.0,120.0,0.0],"food":[2,10,0],"xp":[0,10,15],"lvl":1,"intel":50,"social":30,"money":50,"timer":43691,"posX":23,"posY":10,"color":2}