{"direction":0,"info":["Ilan","Masculin","Médecine","CM"],"map":"Bibliothèque","energy":[98.2399999999991,100.0,0.0],"hunger":[17.59999999999998,100.0,0.0],"bladder":[0.0,100.0,0.0],"hygene":[120.0,120.0,0.0],"food":[5,10,0],"xp":[0,10,15],"lvl":1,"intel":50,"social":30,"money":50,"timer":43376,"posX":33,"posY":10,"color":2}