{"direction":2,"info":["Ilan","Masculin","Médecine","CM"],"map":"Kot","energy":[92.05999999999594,100.0,0.0],"hunger":[33.49999999999946,100.0,0.0],"bladder":[-1.0,100.0,0.0],"hygene":[120.0,120.0,0.0],"food":[-1,10,0],"xp":[61,105,170],"lvl":6,"intel":50,"social":30,"money":70,"time":"1","timer":44582,"posX":12,"posY":4,"color":2}