{"direction":1,"info":["Ilan","Masculin","Médecine","CM"],"map":"Kot","energy":[99.57999999999979,100.0,0.0],"hunger":[4.200000000000001,100.0,0.0],"bladder":[0.0,100.0,0.0],"hygene":[120.0,120.0,0.0],"food":[5,10,0],"xp":[0,10,15],"lvl":1,"intel":50,"social":30,"money":50,"timer":4591,"posX":23,"posY":7,"color":2}