{"direction":0,"info":["Ilan","Masculin","Médecine","CM"],"map":"appartement","energy":[94.17099999997217,100.0,0.0],"hunger":[149.8500000000138,100.0,0.0],"bladder":[0.5,100.0,0.0],"hygene":[120.0,120.0,0.0],"food":[0,10,0],"foodFridge":[10,50,0],"xp":[12,105,170],"lvl":19,"intel":110,"social":368,"money":380,"time":"1","timer":65876,"posX":23,"posY":3,"color":2}