{"direction":2,"info":["Ilan","Masculin","Médecine","CM"],"map":"Kot","energy":[91.5999999999957,100.0,0.0],"hunger":[83.9999999999995,100.0,0.0],"bladder":[0.0,100.0,0.0],"hygene":[120.0,120.0,0.0],"food":[3,10,0],"xp":[0,10,15],"lvl":1,"intel":50,"social":30,"money":50,"timer":44040,"posX":22,"posY":9,"color":2}