{"direction":0,"info":["Ilan","Masculin","Polytechnique","CP"],"map":"Kot","energy":[99.19999999999959,100.0,0.0],"hunger":[7.999999999999988,100.0,0.0],"bladder":[0.0,100.0,0.0],"hygene":[80.0,80.0,0.0],"food":[5,10,0],"xp":[0,10,15],"lvl":1,"intel":70,"social":50,"money":50,"timer":0,"posX":15,"posY":10,"color":2}