{"direction":1,"info":["Ilan","Masculin","Médecine","CM"],"map":"Jefke","energy":[93.33999999999659,100.0,0.0],"hunger":[66.60000000000049,100.0,0.0],"bladder":[0.0,100.0,0.0],"hygene":[120.0,120.0,0.0],"food":[1,10,0],"xp":[0,10,15],"lvl":1,"intel":50,"social":30,"money":50,"timer":43866,"posX":10,"posY":7,"color":2}