{"direction":3,"info":["Ilan","Masculin","Médecine","CM"],"map":"Kot","energy":[89.71999999999986,100.0,0.0],"hunger":[99.00000000000006,100.0,0.0],"bladder":[30.0,100.0,0.0],"hygene":[0.0,100.0,0.0],"food":[2,10,0],"xp":[5,25,40],"lvl":3,"intel":0,"social":0,"money":0,"time":"1","posX":23,"posY":10,"color":2}